"id","name_ar","slug","is_active","created_at","updated_at"
"1","دمشق","damascus","1","2026-08-20 19:33:35","2026-08-20 19:33:35"
"2","ريف دمشق","rif-damascus","1","2026-08-20 19:33:35","2026-08-20 19:33:35"
"3","حلب","aleppo","1","2026-08-20 19:33:35","2026-08-20 19:33:35"
"4","ريف حلب","rif-aleppo","1","2026-08-20 19:33:35","2026-08-20 19:33:35"
"5","إدلب","idlib","1","2026-08-20 19:33:35","2026-08-20 19:33:35"
"6","حمص","homs","1","2026-08-20 19:33:35","2026-08-20 19:33:35"
"7","حماة","hama","1","2026-08-20 19:33:35","2026-08-20 19:33:35"
"8","اللاذقية","latakia","1","2026-08-20 19:33:35","2026-08-20 19:33:35"
"9","دير الزور","deir-ez-zor","1","2026-08-20 19:33:35","2026-08-20 19:33:35"
"10","الحسكة","hasakah","1","2026-08-20 19:33:35","2026-08-20 19:33:35"
"11","درعا","daraa","1","2026-08-20 19:33:35","2026-08-20 19:33:35"
"12","طرطوس","tartus","1","2026-08-20 19:33:35","2026-08-20 19:33:35"
"13","الرقة","raqqa","1","2026-08-20 19:33:35","2026-08-20 19:33:35"
"14","السويداء","suwayda","1","2026-08-20 19:33:35","2026-08-20 19:33:35"
"15","القنيطرة","quneitra","1","2026-08-20 19:33:35","2026-08-20 19:33:35"
