"id","city_id","name_ar","name_en","slug","sort_order","is_active","created_at","updated_at"
"1","1","المزة","المزة","almz","1","1","2026-08-20 20:21:28","2026-08-20 20:21:28"
"2","1","كفرسوسة","كفرسوسة","kfrsos","2","1","2026-08-20 20:21:28","2026-08-20 20:21:28"
"3","1","الميدان","الميدان","almydan","3","1","2026-08-20 20:21:28","2026-08-20 20:21:28"
"4","1","ركن الدين","ركن الدين","rkn-aldyn","4","1","2026-08-20 20:21:28","2026-08-20 20:21:28"
"5","1","دمر","دمر","dmr","5","1","2026-08-20 20:21:28","2026-08-20 20:21:28"
"6","1","الزاهرة","الزاهرة","alzahr","6","1","2026-08-20 20:21:28","2026-08-20 20:21:28"
"7","1","الشاغور","الشاغور","alshaghor","7","1","2026-08-20 20:21:28","2026-08-20 20:21:28"
"8","1","برزة","برزة","brz","8","1","2026-08-20 20:21:28","2026-08-20 20:21:28"
"9","1","مشروع دمر","مشروع دمر","mshroaa-dmr","9","1","2026-08-20 20:21:28","2026-08-20 20:21:28"
"10","1","العدوي","العدوي","alaadoy","10","1","2026-08-20 20:21:28","2026-08-20 20:21:28"
"11","1","القصاع","القصاع","alksaaa","11","1","2026-08-20 20:21:28","2026-08-20 20:21:28"
"12","1","التجارة","التجارة","altgar","12","1","2026-08-20 20:21:28","2026-08-20 20:21:28"
"13","1","المزرعة","المزرعة","almzraa","13","1","2026-08-20 20:21:28","2026-08-20 20:21:28"
"14","1","الصالحية","الصالحية","alsalhy","14","1","2026-08-20 20:21:28","2026-08-20 20:21:28"
"15","1","القابون","القابون","alkabon","15","1","2026-08-20 20:21:28","2026-08-20 20:21:28"
"16","1","شارع بغداد","شارع بغداد","sharaa-bghdad","16","1","2026-08-20 20:21:28","2026-08-20 20:21:28"
"17","1","البرامكة","البرامكة","albramk","17","1","2026-08-20 20:21:28","2026-08-20 20:21:28"
"18","1","الفيحاء","الفيحاء","alfyhaaa","18","1","2026-08-20 20:21:28","2026-08-20 20:21:28"
"19","1","باب توما","باب توما","bab-toma","19","1","2026-08-20 20:21:28","2026-08-20 20:21:28"
"20","1","ساروجة","ساروجة","sarog","20","1","2026-08-20 20:21:28","2026-08-20 20:21:28"
"21","1","الشعلان","الشعلان","alshaalan","21","1","2026-08-20 20:21:28","2026-08-20 20:21:28"
"22","1","جوبر","جوبر","gobr","22","1","2026-08-20 20:21:28","2026-08-20 20:21:28"
"23","1","باب شرقي","باب شرقي","bab-shrky","23","1","2026-08-20 20:21:28","2026-08-20 20:21:28"
"24","1","أبو رمانة","أبو رمانة","abo-rman","24","1","2026-08-20 20:21:28","2026-08-20 20:21:28"
"25","1","البحصة","البحصة","albhs","25","1","2026-08-20 20:21:28","2026-08-20 20:21:28"
"26","1","المالكي","المالكي","almalky","26","1","2026-08-20 20:21:28","2026-08-20 20:21:28"
"27","1","الحلبوني","الحلبوني","alhlbony","27","1","2026-08-20 20:21:28","2026-08-20 20:21:28"
"28","1","الروضة","الروضة","alrod","28","1","2026-08-20 20:21:28","2026-08-20 20:21:28"
"29","2","جرمانا","جرمانا","grmana","1","1","2026-08-20 20:21:28","2026-08-20 20:21:28"
"30","2","قدسيا","قدسيا","kdsya","2","1","2026-08-20 20:21:28","2026-08-20 20:21:28"
"31","2","دوما","دوما","doma","3","1","2026-08-20 20:21:28","2026-08-20 20:21:28"
"32","2","الكسوة","الكسوة","alkso","4","1","2026-08-20 20:21:28","2026-08-20 20:21:28"
"33","2","التل","التل","altl","5","1","2026-08-20 20:21:28","2026-08-20 20:21:28"
"34","2","قطنا","قطنا","ktna","6","1","2026-08-20 20:21:28","2026-08-20 20:21:28"
"35","2","معضمية الشام","معضمية الشام","maadmy-alsham","7","1","2026-08-20 20:21:28","2026-08-20 20:21:28"
"36","2","أشرفية صحنايا","أشرفية صحنايا","ashrfy-shnaya","8","1","2026-08-20 20:21:28","2026-08-20 20:21:28"
"37","2","داريا","داريا","darya","9","1","2026-08-20 20:21:28","2026-08-20 20:21:28"
"38","2","صحنايا","صحنايا","shnaya","10","1","2026-08-20 20:21:28","2026-08-20 20:21:28"
"39","2","النبك","النبك","alnbk","11","1","2026-08-20 20:21:28","2026-08-20 20:21:28"
"40","2","يبرود","يبرود","ybrod","12","1","2026-08-20 20:21:28","2026-08-20 20:21:28"
"41","2","حرستا","حرستا","hrsta","13","1","2026-08-20 20:21:28","2026-08-20 20:21:28"
"42","2","عربين","عربين","aarbyn","14","1","2026-08-20 20:21:28","2026-08-20 20:21:28"
"43","2","الضمير","الضمير","aldmyr","15","1","2026-08-20 20:21:28","2026-08-20 20:21:28"
"44","2","القطيفة","القطيفة","alktyf","16","1","2026-08-20 20:21:28","2026-08-20 20:21:28"
"45","2","كفر بطنا","كفر بطنا","kfr-btna","17","1","2026-08-20 20:21:28","2026-08-20 20:21:28"
"46","2","الهامة","الهامة","alham","18","1","2026-08-20 20:21:28","2026-08-20 20:21:28"
"47","2","الرحيبة","الرحيبة","alrhyb","19","1","2026-08-20 20:21:28","2026-08-20 20:21:28"
"48","2","الزبداني","الزبداني","alzbdany","20","1","2026-08-20 20:21:28","2026-08-20 20:21:28"
"49","2","سقبا","سقبا","skba","21","1","2026-08-20 20:21:28","2026-08-20 20:21:28"
"50","2","جيرود","جيرود","gyrod","22","1","2026-08-20 20:21:28","2026-08-20 20:21:28"
"51","2","زملكا","زملكا","zmlka","23","1","2026-08-20 20:21:28","2026-08-20 20:21:28"
"52","2","بيت سحم","بيت سحم","byt-shm","24","1","2026-08-20 20:21:28","2026-08-20 20:21:28"
"53","2","قارة","قارة","kar","25","1","2026-08-20 20:21:28","2026-08-20 20:21:28"
"54","2","عين ترما","عين ترما","aayn-trma","26","1","2026-08-20 20:21:28","2026-08-20 20:21:28"
"55","2","دير عطية","دير عطية","dyr-aaty","27","1","2026-08-20 20:21:28","2026-08-20 20:21:28"
"56","2","مضايا","مضايا","mdaya","28","1","2026-08-20 20:21:28","2026-08-20 20:21:28"
"57","2","النشابية","النشابية","alnshaby","29","1","2026-08-20 20:21:28","2026-08-20 20:21:28"
"58","2","صيدنايا","صيدنايا","sydnaya","30","1","2026-08-20 20:21:28","2026-08-20 20:21:28"
"59","2","بلودان","بلودان","blodan","31","1","2026-08-20 20:21:28","2026-08-20 20:21:28"
"60","2","معلولا","معلولا","maalola","32","1","2026-08-20 20:21:28","2026-08-20 20:21:28"
"61","3","الحمدانية","الحمدانية","alhmdany","1","1","2026-08-20 20:21:28","2026-08-20 20:21:28"
"62","3","الشيخ مقصود","الشيخ مقصود","alshykh-mksod","2","1","2026-08-20 20:21:28","2026-08-20 20:21:28"
"63","3","حلب الجديدة","حلب الجديدة","hlb-algdyd","3","1","2026-08-20 20:21:28","2026-08-20 20:21:28"
"64","3","الأشرفية","الأشرفية","alashrfy","4","1","2026-08-20 20:21:28","2026-08-20 20:21:28"
"65","3","صلاح الدين","صلاح الدين","slah-aldyn","5","1","2026-08-20 20:21:28","2026-08-20 20:21:28"
"66","3","الفرقان","الفرقان","alfrkan","6","1","2026-08-20 20:21:28","2026-08-20 20:21:28"
"67","3","الشعار","الشعار","alshaaar","7","1","2026-08-20 20:21:28","2026-08-20 20:21:28"
"68","3","سيف الدولة","سيف الدولة","syf-aldol","8","1","2026-08-20 20:21:28","2026-08-20 20:21:28"
"69","3","السكري","السكري","alskry","9","1","2026-08-20 20:21:28","2026-08-20 20:21:28"
"70","3","شارع النيل","شارع النيل","sharaa-alnyl","10","1","2026-08-20 20:21:28","2026-08-20 20:21:28"
"71","3","هنانو","هنانو","hnano","11","1","2026-08-20 20:21:28","2026-08-20 20:21:28"
"72","3","الصاخور","الصاخور","alsakhor","12","1","2026-08-20 20:21:28","2026-08-20 20:21:28"
"73","3","بستان القصر","بستان القصر","bstan-alksr","13","1","2026-08-20 20:21:28","2026-08-20 20:21:28"
"74","3","حي الجامعة","حي الجامعة","hy-algamaa","14","1","2026-08-20 20:21:28","2026-08-20 20:21:28"
"75","3","الفردوس","الفردوس","alfrdos","15","1","2026-08-20 20:21:28","2026-08-20 20:21:28"
"76","3","الأنصاري","الأنصاري","alansary","16","1","2026-08-20 20:21:28","2026-08-20 20:21:28"
"77","3","الكلاسة","الكلاسة","alklas","17","1","2026-08-20 20:21:28","2026-08-20 20:21:28"
"78","3","السريان","السريان","alsryan","18","1","2026-08-20 20:21:28","2026-08-20 20:21:28"
"79","3","الزبدية","الزبدية","alzbdy","19","1","2026-08-20 20:21:28","2026-08-20 20:21:28"
"80","3","المرجة","المرجة","almrg","20","1","2026-08-20 20:21:28","2026-08-20 20:21:28"
"81","3","الشهباء","الشهباء","alshhbaaa","21","1","2026-08-20 20:21:28","2026-08-20 20:21:28"
"82","3","بستان الباشا","بستان الباشا","bstan-albasha","22","1","2026-08-20 20:21:28","2026-08-20 20:21:28"
"83","3","قاضي عسكر","قاضي عسكر","kady-aaskr","23","1","2026-08-20 20:21:28","2026-08-20 20:21:28"
"84","3","السليمانية","السليمانية","alslymany","24","1","2026-08-20 20:21:28","2026-08-20 20:21:28"
"85","3","العامرية","العامرية","alaaamry","25","1","2026-08-20 20:21:29","2026-08-20 20:21:29"
"86","3","الجميلية","الجميلية","algmyly","26","1","2026-08-20 20:21:29","2026-08-20 20:21:29"
"87","3","العزيزية","العزيزية","alaazyzy","27","1","2026-08-20 20:21:29","2026-08-20 20:21:29"
"88","3","باب الحديد","باب الحديد","bab-alhdyd","28","1","2026-08-20 20:21:29","2026-08-20 20:21:29"
"89","3","المحافظة","المحافظة","almhafth","29","1","2026-08-20 20:21:29","2026-08-20 20:21:29"
"90","3","باب النصر","باب النصر","bab-alnsr","30","1","2026-08-20 20:21:29","2026-08-20 20:21:29"
"91","3","باب المقام","باب المقام","bab-almkam","31","1","2026-08-20 20:21:29","2026-08-20 20:21:29"
"92","3","الجديدة","الجديدة","algdyd","32","1","2026-08-20 20:21:29","2026-08-20 20:21:29"
"93","3","الجلوم","الجلوم","alglom","33","1","2026-08-20 20:21:29","2026-08-20 20:21:29"
"94","3","العقبة","العقبة","alaakb","34","1","2026-08-20 20:21:29","2026-08-20 20:21:29"
"95","4","منبج","منبج","mnbg","1","1","2026-08-20 20:21:29","2026-08-20 20:21:29"
"96","4","عفرين","عفرين","aafryn","2","1","2026-08-20 20:21:29","2026-08-20 20:21:29"
"97","4","الباب","الباب","albab","3","1","2026-08-20 20:21:29","2026-08-20 20:21:29"
"98","4","السفيرة","السفيرة","alsfyr","4","1","2026-08-20 20:21:29","2026-08-20 20:21:29"
"99","4","عين العرب (كوباني)","عين العرب (كوباني)","aayn-alaarb-kobany","5","1","2026-08-20 20:21:29","2026-08-20 20:21:29"
"100","4","أعزاز","أعزاز","aaazaz","6","1","2026-08-20 20:21:29","2026-08-20 20:21:29"
"101","4","جرابلس","جرابلس","grabls","7","1","2026-08-20 20:21:29","2026-08-20 20:21:29"
"102","4","نبل","نبل","nbl","8","1","2026-08-20 20:21:29","2026-08-20 20:21:29"
"103","4","دارة عزة","دارة عزة","dar-aaz","9","1","2026-08-20 20:21:29","2026-08-20 20:21:29"
"104","4","الزهراء","الزهراء","alzhraaa","10","1","2026-08-20 20:21:29","2026-08-20 20:21:29"
"105","4","الأتارب","الأتارب","alatarb","11","1","2026-08-20 20:21:29","2026-08-20 20:21:29"
"106","4","مارع","مارع","maraa","12","1","2026-08-20 20:21:29","2026-08-20 20:21:29"
"107","4","دير حافر","دير حافر","dyr-hafr","13","1","2026-08-20 20:21:29","2026-08-20 20:21:29"
"108","4","بزاعة","بزاعة","bzaaa","14","1","2026-08-20 20:21:29","2026-08-20 20:21:29"
"109","4","جنديرس","جنديرس","gndyrs","15","1","2026-08-20 20:21:29","2026-08-20 20:21:29"
"110","4","قباسين","قباسين","kbasyn","16","1","2026-08-20 20:21:29","2026-08-20 20:21:29"
"111","4","حريتان","حريتان","hrytan","17","1","2026-08-20 20:21:29","2026-08-20 20:21:29"
"112","4","مسكنة","مسكنة","mskn","18","1","2026-08-20 20:21:29","2026-08-20 20:21:29"
"113","4","عندان","عندان","aandan","19","1","2026-08-20 20:21:29","2026-08-20 20:21:29"
"114","4","تل رفعت","تل رفعت","tl-rfaat","20","1","2026-08-20 20:21:29","2026-08-20 20:21:29"
"115","4","أخترين","أخترين","akhtryn","21","1","2026-08-20 20:21:29","2026-08-20 20:21:29"
"116","4","أورم الكبرى","أورم الكبرى","aorm-alkbr","22","1","2026-08-20 20:21:29","2026-08-20 20:21:29"
"117","4","الراعي","الراعي","alraaay","23","1","2026-08-20 20:21:29","2026-08-20 20:21:29"
"118","4","صوران","صوران","soran","24","1","2026-08-20 20:21:29","2026-08-20 20:21:29"
"119","4","حيان","حيان","hyan","25","1","2026-08-20 20:21:29","2026-08-20 20:21:29"
"120","4","تادف","تادف","tadf","26","1","2026-08-20 20:21:29","2026-08-20 20:21:29"
"121","4","دابق","دابق","dabk","27","1","2026-08-20 20:21:29","2026-08-20 20:21:29"
"122","5","مدينة إدلب","مدينة إدلب","mdyn-adlb","1","1","2026-08-20 20:21:29","2026-08-20 20:21:29"
"123","5","سرمدا","سرمدا","srmda","2","1","2026-08-20 20:21:29","2026-08-20 20:21:29"
"124","5","الدانا","الدانا","aldana","3","1","2026-08-20 20:21:29","2026-08-20 20:21:29"
"125","5","معرة النعمان","معرة النعمان","maar-alnaaman","4","1","2026-08-20 20:21:29","2026-08-20 20:21:29"
"126","5","أطمة","أطمة","atm","5","1","2026-08-20 20:21:29","2026-08-20 20:21:29"
"127","5","سلقين","سلقين","slkyn","6","1","2026-08-20 20:21:29","2026-08-20 20:21:29"
"128","5","أريحا","أريحا","aryha","7","1","2026-08-20 20:21:29","2026-08-20 20:21:29"
"129","5","جسر الشغور","جسر الشغور","gsr-alshghor","8","1","2026-08-20 20:21:29","2026-08-20 20:21:29"
"130","5","معرة مصرين","معرة مصرين","maar-msryn","9","1","2026-08-20 20:21:29","2026-08-20 20:21:29"
"131","5","سراقب","سراقب","srakb","10","1","2026-08-20 20:21:29","2026-08-20 20:21:29"
"132","5","بنش","بنش","bnsh","11","1","2026-08-20 20:21:29","2026-08-20 20:21:29"
"133","5","خان شيخون","خان شيخون","khan-shykhon","12","1","2026-08-20 20:21:29","2026-08-20 20:21:29"
"134","5","سرمين","سرمين","srmyn","13","1","2026-08-20 20:21:29","2026-08-20 20:21:29"
"135","5","حارم","حارم","harm","14","1","2026-08-20 20:21:29","2026-08-20 20:21:29"
"136","5","كفرنبل","كفرنبل","kfrnbl","15","1","2026-08-20 20:21:29","2026-08-20 20:21:29"
"137","5","كفر تخاريم","كفر تخاريم","kfr-tkharym","16","1","2026-08-20 20:21:29","2026-08-20 20:21:29"
"138","5","ترمانين","ترمانين","trmanyn","17","1","2026-08-20 20:21:29","2026-08-20 20:21:29"
"139","5","تفتناز","تفتناز","tftnaz","18","1","2026-08-20 20:21:29","2026-08-20 20:21:29"
"140","5","أرمناز","أرمناز","armnaz","19","1","2026-08-20 20:21:29","2026-08-20 20:21:29"
"141","5","دركوش","دركوش","drkosh","20","1","2026-08-20 20:21:29","2026-08-20 20:21:29"
"142","5","احسم","احسم","ahsm","21","1","2026-08-20 20:21:29","2026-08-20 20:21:29"
"143","5","كللي","كللي","klly","22","1","2026-08-20 20:21:29","2026-08-20 20:21:29"
"144","5","حزانو","حزانو","hzano","23","1","2026-08-20 20:21:29","2026-08-20 20:21:29"
"145","5","محمبل","محمبل","mhmbl","24","1","2026-08-20 20:21:29","2026-08-20 20:21:29"
"146","5","حيش","حيش","hysh","25","1","2026-08-20 20:21:29","2026-08-20 20:21:29"
"147","5","كفردريان","كفردريان","kfrdryan","26","1","2026-08-20 20:21:29","2026-08-20 20:21:29"
"148","5","حاس","حاس","has","27","1","2026-08-20 20:21:29","2026-08-20 20:21:29"
"149","5","معرة حرمة","معرة حرمة","maar-hrm","28","1","2026-08-20 20:21:29","2026-08-20 20:21:29"
"150","5","قورقانيا","قورقانيا","korkanya","29","1","2026-08-20 20:21:29","2026-08-20 20:21:29"
"151","5","بداما","بداما","bdama","30","1","2026-08-20 20:21:29","2026-08-20 20:21:29"
"152","6","مدينة حمص","مدينة حمص","mdyn-hms","1","1","2026-08-20 20:21:29","2026-08-20 20:21:29"
"153","6","الرستن","الرستن","alrstn","2","1","2026-08-20 20:21:29","2026-08-20 20:21:29"
"154","6","الحولة","الحولة","alhol","3","1","2026-08-20 20:21:29","2026-08-20 20:21:29"
"155","6","تلبيسة","تلبيسة","tlbys","4","1","2026-08-20 20:21:29","2026-08-20 20:21:29"
"156","6","القصير","القصير","alksyr","5","1","2026-08-20 20:21:29","2026-08-20 20:21:29"
"157","6","تلكلخ","تلكلخ","tlklkh","6","1","2026-08-20 20:21:29","2026-08-20 20:21:29"
"158","6","تدمر","تدمر","tdmr","7","1","2026-08-20 20:21:29","2026-08-20 20:21:29"
"159","6","تلدو","تلدو","tldo","8","1","2026-08-20 20:21:29","2026-08-20 20:21:29"
"160","6","الدار الكبيرة","الدار الكبيرة","aldar-alkbyr","9","1","2026-08-20 20:21:29","2026-08-20 20:21:29"
"161","6","حسياء","حسياء","hsyaaa","10","1","2026-08-20 20:21:29","2026-08-20 20:21:29"
"162","6","القريتين","القريتين","alkrytyn","11","1","2026-08-20 20:21:29","2026-08-20 20:21:29"
"163","6","المخرم","المخرم","almkhrm","12","1","2026-08-20 20:21:29","2026-08-20 20:21:29"
"164","6","المشرفة","المشرفة","almshrf","13","1","2026-08-20 20:21:29","2026-08-20 20:21:29"
"165","6","شين","شين","shyn","14","1","2026-08-20 20:21:29","2026-08-20 20:21:29"
"166","6","الغنطو","الغنطو","alghnto","15","1","2026-08-20 20:21:29","2026-08-20 20:21:29"
"167","6","مهين","مهين","mhyn","16","1","2026-08-20 20:21:29","2026-08-20 20:21:29"
"168","6","كفرعايا","كفرعايا","kfraaaya","17","1","2026-08-20 20:21:29","2026-08-20 20:21:29"
"169","6","ربلة","ربلة","rbl","18","1","2026-08-20 20:21:29","2026-08-20 20:21:29"
"170","6","صدد","صدد","sdd","19","1","2026-08-20 20:21:29","2026-08-20 20:21:29"
"171","6","القبو","القبو","alkbo","20","1","2026-08-20 20:21:29","2026-08-20 20:21:29"
"172","6","فيروزة","فيروزة","fyroz","21","1","2026-08-20 20:21:29","2026-08-20 20:21:29"
"173","6","الفركلوس","الفركلوس","alfrklos","22","1","2026-08-20 20:21:29","2026-08-20 20:21:29"
"174","6","قطينة","قطينة","ktyn","23","1","2026-08-20 20:21:29","2026-08-20 20:21:29"
"175","6","زيدل","زيدل","zydl","24","1","2026-08-20 20:21:29","2026-08-20 20:21:29"
"176","6","جب الجراح","جب الجراح","gb-algrah","25","1","2026-08-20 20:21:29","2026-08-20 20:21:29"
"177","6","الحواش","الحواش","alhoash","26","1","2026-08-20 20:21:29","2026-08-20 20:21:29"
"178","6","مرمريتا","مرمريتا","mrmryta","27","1","2026-08-20 20:21:29","2026-08-20 20:21:29"
"179","6","الناصرة","الناصرة","alnasr","28","1","2026-08-20 20:21:29","2026-08-20 20:21:29"
"180","7","مدينة حماة","مدينة حماة","mdyn-hma","1","1","2026-08-20 20:21:29","2026-08-20 20:21:29"
"181","7","سلمية","سلمية","slmy","2","1","2026-08-20 20:21:29","2026-08-20 20:21:29"
"182","7","مصياف","مصياف","msyaf","3","1","2026-08-20 20:21:29","2026-08-20 20:21:29"
"183","7","صوران","صوران","soran","4","1","2026-08-20 20:21:29","2026-08-20 20:21:29"
"184","7","طيبة الإمام","طيبة الإمام","tyb-alamam","5","1","2026-08-20 20:21:29","2026-08-20 20:21:29"
"185","7","حلفايا","حلفايا","hlfaya","6","1","2026-08-20 20:21:29","2026-08-20 20:21:29"
"186","7","محردة","محردة","mhrd","7","1","2026-08-20 20:21:29","2026-08-20 20:21:29"
"187","7","قمحانة","قمحانة","kmhan","8","1","2026-08-20 20:21:29","2026-08-20 20:21:29"
"188","7","السقيلبية","السقيلبية","alskylby","9","1","2026-08-20 20:21:29","2026-08-20 20:21:29"
"189","7","كفرزيتا","كفرزيتا","kfrzyta","10","1","2026-08-20 20:21:29","2026-08-20 20:21:29"
"190","7","سلحب","سلحب","slhb","11","1","2026-08-20 20:21:29","2026-08-20 20:21:29"
"191","7","كفرنبودة","كفرنبودة","kfrnbod","12","1","2026-08-20 20:21:29","2026-08-20 20:21:29"
"192","7","اللطامنة","اللطامنة","alltamn","13","1","2026-08-20 20:21:29","2026-08-20 20:21:29"
"193","7","مورك","مورك","mork","14","1","2026-08-20 20:21:29","2026-08-20 20:21:29"
"194","7","قلعة المضيق","قلعة المضيق","klaa-almdyk","15","1","2026-08-20 20:21:29","2026-08-20 20:21:29"
"195","7","خطاب","خطاب","khtab","16","1","2026-08-20 20:21:29","2026-08-20 20:21:29"
"196","7","كرناز","كرناز","krnaz","17","1","2026-08-20 20:21:29","2026-08-20 20:21:29"
"197","7","معردس","معردس","maards","18","1","2026-08-20 20:21:29","2026-08-20 20:21:29"
"198","7","حربنفسه","حربنفسه","hrbnfsh","19","1","2026-08-20 20:21:29","2026-08-20 20:21:29"
"199","7","الربيعة","الربيعة","alrbyaa","20","1","2026-08-20 20:21:29","2026-08-20 20:21:29"
"200","7","عقيربات","عقيربات","aakyrbat","21","1","2026-08-20 20:21:29","2026-08-20 20:21:29"
"201","7","بري الشرقي","بري الشرقي","bry-alshrky","22","1","2026-08-20 20:21:29","2026-08-20 20:21:29"
"202","7","وادي العيون","وادي العيون","oady-alaayon","23","1","2026-08-20 20:21:29","2026-08-20 20:21:29"
"203","7","شيزر","شيزر","shyzr","24","1","2026-08-20 20:21:29","2026-08-20 20:21:29"
"204","7","دير شميل","دير شميل","dyr-shmyl","25","1","2026-08-20 20:21:29","2026-08-20 20:21:29"
"205","7","كوكب","كوكب","kokb","26","1","2026-08-20 20:21:29","2026-08-20 20:21:29"
"206","7","عين حلاقيم","عين حلاقيم","aayn-hlakym","27","1","2026-08-20 20:21:29","2026-08-20 20:21:29"
"207","7","الأربعين","الأربعين","alarbaayn","28","1","2026-08-20 20:21:29","2026-08-20 20:21:29"
"208","7","زور الحيصة","زور الحيصة","zor-alhys","29","1","2026-08-20 20:21:29","2026-08-20 20:21:29"
"209","8","مدينة اللاذقية","مدينة اللاذقية","mdyn-allathky","1","1","2026-08-20 20:21:29","2026-08-20 20:21:29"
"210","8","جبلة","جبلة","gbl","2","1","2026-08-20 20:21:29","2026-08-20 20:21:29"
"211","8","دمسرخو","دمسرخو","dmsrkho","3","1","2026-08-20 20:21:29","2026-08-20 20:21:29"
"212","8","سقوبين","سقوبين","skobyn","4","1","2026-08-20 20:21:29","2026-08-20 20:21:29"
"213","8","بسنادا","بسنادا","bsnada","5","1","2026-08-20 20:21:29","2026-08-20 20:21:29"
"214","8","القرداحة","القرداحة","alkrdah","6","1","2026-08-20 20:21:29","2026-08-20 20:21:29"
"215","8","الحفة","الحفة","alhf","7","1","2026-08-20 20:21:29","2026-08-20 20:21:29"
"216","8","القطيلبية","القطيلبية","alktylby","8","1","2026-08-20 20:21:29","2026-08-20 20:21:29"
"217","8","كرسانا","كرسانا","krsana","9","1","2026-08-20 20:21:29","2026-08-20 20:21:29"
"218","8","بيت ياشوط","بيت ياشوط","byt-yashot","10","1","2026-08-20 20:21:29","2026-08-20 20:21:29"
"219","8","القنجرة","القنجرة","alkngr","11","1","2026-08-20 20:21:29","2026-08-20 20:21:29"
"220","8","عين البيضا","عين البيضا","aayn-albyda","12","1","2026-08-20 20:21:29","2026-08-20 20:21:29"
"221","8","البهلولية","البهلولية","albhloly","13","1","2026-08-20 20:21:29","2026-08-20 20:21:29"
"222","8","الدالية","الدالية","aldaly","14","1","2026-08-20 20:21:29","2026-08-20 20:21:29"
"223","8","المزيرعة","المزيرعة","almzyraa","15","1","2026-08-20 20:21:29","2026-08-20 20:21:29"
"224","8","مشقيتا","مشقيتا","mshkyta","16","1","2026-08-20 20:21:29","2026-08-20 20:21:29"
"225","8","الفاخورة","الفاخورة","alfakhor","17","1","2026-08-20 20:21:29","2026-08-20 20:21:29"
"226","8","سيانو","سيانو","syano","18","1","2026-08-20 20:21:29","2026-08-20 20:21:29"
"227","8","حرف المسيترة","حرف المسيترة","hrf-almsytr","19","1","2026-08-20 20:21:29","2026-08-20 20:21:29"
"228","8","حمام القراحلة","حمام القراحلة","hmam-alkrahl","20","1","2026-08-20 20:21:29","2026-08-20 20:21:29"
"229","8","برج إسلام","برج إسلام","brg-aslam","21","1","2026-08-20 20:21:29","2026-08-20 20:21:29"
"230","8","صلنفة","صلنفة","slnf","22","1","2026-08-20 20:21:29","2026-08-20 20:21:29"
"231","8","الشير","الشير","alshyr","23","1","2026-08-20 20:21:29","2026-08-20 20:21:29"
"232","8","قسطل معاف","قسطل معاف","kstl-maaaf","24","1","2026-08-20 20:21:29","2026-08-20 20:21:29"
"233","8","قرن حلية","قرن حلية","krn-hly","25","1","2026-08-20 20:21:29","2026-08-20 20:21:29"
"234","8","رأس العين","رأس العين","ras-alaayn","26","1","2026-08-20 20:21:29","2026-08-20 20:21:29"
"235","8","بستا","بستا","bsta","27","1","2026-08-20 20:21:29","2026-08-20 20:21:29"
"236","8","كسب","كسب","ksb","28","1","2026-08-20 20:21:29","2026-08-20 20:21:29"
"237","9","مدينة دير الزور","مدينة دير الزور","mdyn-dyr-alzor","1","1","2026-08-20 20:21:29","2026-08-20 20:21:29"
"238","9","الميادين","الميادين","almyadyn","2","1","2026-08-20 20:21:29","2026-08-20 20:21:29"
"239","9","البوكمال","البوكمال","albokmal","3","1","2026-08-20 20:21:29","2026-08-20 20:21:29"
"240","9","هجين","هجين","hgyn","4","1","2026-08-20 20:21:29","2026-08-20 20:21:29"
"241","9","القورية","القورية","alkory","5","1","2026-08-20 20:21:29","2026-08-20 20:21:29"
"242","9","العشارة","العشارة","alaashar","6","1","2026-08-20 20:21:29","2026-08-20 20:21:29"
"243","9","الشحيل","الشحيل","alshhyl","7","1","2026-08-20 20:21:29","2026-08-20 20:21:29"
"244","9","أبو حمام","أبو حمام","abo-hmam","8","1","2026-08-20 20:21:29","2026-08-20 20:21:29"
"245","9","غرانيج","غرانيج","ghranyg","9","1","2026-08-20 20:21:29","2026-08-20 20:21:29"
"246","9","ذيبان","ذيبان","thyban","10","1","2026-08-20 20:21:29","2026-08-20 20:21:29"
"247","9","البصيرة","البصيرة","albsyr","11","1","2026-08-20 20:21:29","2026-08-20 20:21:29"
"248","9","الكشكية","الكشكية","alkshky","12","1","2026-08-20 20:21:29","2026-08-20 20:21:29"
"249","9","الشعفة","الشعفة","alshaaf","13","1","2026-08-20 20:21:29","2026-08-20 20:21:29"
"250","9","موحسن","موحسن","mohsn","14","1","2026-08-20 20:21:29","2026-08-20 20:21:29"
"251","9","الكسرة","الكسرة","alksr","15","1","2026-08-20 20:21:29","2026-08-20 20:21:29"
"252","9","الطيانة","الطيانة","altyan","16","1","2026-08-20 20:21:29","2026-08-20 20:21:29"
"253","9","حطلة","حطلة","htl","17","1","2026-08-20 20:21:29","2026-08-20 20:21:29"
"254","9","الحوايج","الحوايج","alhoayg","18","1","2026-08-20 20:21:29","2026-08-20 20:21:29"
"255","9","التبني","التبني","altbny","19","1","2026-08-20 20:21:29","2026-08-20 20:21:29"
"256","9","الصور","الصور","alsor","20","1","2026-08-20 20:21:29","2026-08-20 20:21:29"
"257","9","الباغوز","الباغوز","albaghoz","21","1","2026-08-20 20:21:29","2026-08-20 20:21:29"
"258","9","جديد عكيدات","جديد عكيدات","gdyd-aakydat","22","1","2026-08-20 20:21:29","2026-08-20 20:21:29"
"259","9","الصالحية","الصالحية","alsalhy","23","1","2026-08-20 20:21:29","2026-08-20 20:21:29"
"260","9","العزبة","العزبة","alaazb","24","1","2026-08-20 20:21:29","2026-08-20 20:21:29"
"261","9","جديد بكارة","جديد بكارة","gdyd-bkar","25","1","2026-08-20 20:21:29","2026-08-20 20:21:29"
"262","9","الصبحة","الصبحة","alsbh","26","1","2026-08-20 20:21:29","2026-08-20 20:21:29"
"263","9","خشام","خشام","khsham","27","1","2026-08-20 20:21:29","2026-08-20 20:21:29"
"264","9","مراط","مراط","mrat","28","1","2026-08-20 20:21:29","2026-08-20 20:21:29"
"265","10","مدينة الحسكة","مدينة الحسكة","mdyn-alhsk","1","1","2026-08-20 20:21:29","2026-08-20 20:21:29"
"266","10","القامشلي","القامشلي","alkamshly","2","1","2026-08-20 20:21:29","2026-08-20 20:21:29"
"267","10","عامودا","عامودا","aaamoda","3","1","2026-08-20 20:21:29","2026-08-20 20:21:29"
"268","10","المالكية (ديريك)","المالكية (ديريك)","almalky-dyryk","4","1","2026-08-20 20:21:29","2026-08-20 20:21:29"
"269","10","القحطانية (قبور البيض)","القحطانية (قبور البيض)","alkhtany-kbor-albyd","5","1","2026-08-20 20:21:29","2026-08-20 20:21:29"
"270","10","الدرباسية","الدرباسية","aldrbasy","6","1","2026-08-20 20:21:29","2026-08-20 20:21:29"
"271","10","الشدادي","الشدادي","alshdady","7","1","2026-08-20 20:21:29","2026-08-20 20:21:29"
"272","10","معبدة","معبدة","maabd","8","1","2026-08-20 20:21:29","2026-08-20 20:21:29"
"273","10","رميلان","رميلان","rmylan","9","1","2026-08-20 20:21:29","2026-08-20 20:21:29"
"274","10","تل حميس","تل حميس","tl-hmys","10","1","2026-08-20 20:21:29","2026-08-20 20:21:29"
"275","10","اليعربية","اليعربية","alyaarby","11","1","2026-08-20 20:21:29","2026-08-20 20:21:29"
"276","10","الجوادية","الجوادية","algoady","12","1","2026-08-20 20:21:29","2026-08-20 20:21:29"
"277","10","تل براك","تل براك","tl-brak","13","1","2026-08-20 20:21:29","2026-08-20 20:21:29"
"278","10","تل تمر","تل تمر","tl-tmr","14","1","2026-08-20 20:21:29","2026-08-20 20:21:29"
"279","10","الهول","الهول","alhol","15","1","2026-08-20 20:21:29","2026-08-20 20:21:29"
"280","10","مركدة","مركدة","mrkd","16","1","2026-08-20 20:21:29","2026-08-20 20:21:29"
"281","10","أبو راسين","أبو راسين","abo-rasyn","17","1","2026-08-20 20:21:29","2026-08-20 20:21:29"
"282","10","العريشة","العريشة","alaarysh","18","1","2026-08-20 20:21:29","2026-08-20 20:21:29"
"283","10","صفيا","صفيا","sfya","19","1","2026-08-20 20:21:29","2026-08-20 20:21:29"
"284","10","جزعة","جزعة","gzaa","20","1","2026-08-20 20:21:29","2026-08-20 20:21:29"
"285","10","توينة","توينة","toyn","21","1","2026-08-20 20:21:29","2026-08-20 20:21:29"
"286","10","تل معروف","تل معروف","tl-maarof","22","1","2026-08-20 20:21:29","2026-08-20 20:21:29"
"287","10","مبروكة","مبروكة","mbrok","23","1","2026-08-20 20:21:29","2026-08-20 20:21:29"
"288","10","تل حلف","تل حلف","tl-hlf","24","1","2026-08-20 20:21:29","2026-08-20 20:21:29"
"289","10","المناجير","المناجير","almnagyr","25","1","2026-08-20 20:21:29","2026-08-20 20:21:29"
"290","10","علوك","علوك","aalok","26","1","2026-08-20 20:21:29","2026-08-20 20:21:29"
"291","11","مدينة درعا","مدينة درعا","mdyn-draaa","1","1","2026-08-20 20:21:29","2026-08-20 20:21:29"
"292","11","نوى","نوى","no","2","1","2026-08-20 20:21:29","2026-08-20 20:21:29"
"293","11","طفس","طفس","tfs","3","1","2026-08-20 20:21:29","2026-08-20 20:21:29"
"294","11","جاسم","جاسم","gasm","4","1","2026-08-20 20:21:29","2026-08-20 20:21:29"
"295","11","الصنمين","الصنمين","alsnmyn","5","1","2026-08-20 20:21:29","2026-08-20 20:21:29"
"296","11","إنخل","إنخل","ankhl","6","1","2026-08-20 20:21:29","2026-08-20 20:21:29"
"297","11","داعل","داعل","daaal","7","1","2026-08-20 20:21:29","2026-08-20 20:21:29"
"298","11","بصرى الشام","بصرى الشام","bsr-alsham","8","1","2026-08-20 20:21:29","2026-08-20 20:21:29"
"299","11","الشيخ مسكين","الشيخ مسكين","alshykh-mskyn","9","1","2026-08-20 20:21:29","2026-08-20 20:21:29"
"300","11","الحارة","الحارة","alhar","10","1","2026-08-20 20:21:29","2026-08-20 20:21:29"
"301","11","الحراك","الحراك","alhrak","11","1","2026-08-20 20:21:29","2026-08-20 20:21:29"
"302","11","تسيل","تسيل","tsyl","12","1","2026-08-20 20:21:29","2026-08-20 20:21:29"
"303","11","خربة غزالة","خربة غزالة","khrb-ghzal","13","1","2026-08-20 20:21:29","2026-08-20 20:21:29"
"304","11","إزرع","إزرع","azraa","14","1","2026-08-20 20:21:29","2026-08-20 20:21:29"
"305","11","المسيفرة","المسيفرة","almsyfr","15","1","2026-08-20 20:21:29","2026-08-20 20:21:29"
"306","11","محجة","محجة","mhg","16","1","2026-08-20 20:21:29","2026-08-20 20:21:29"
"307","11","المزيريب","المزيريب","almzyryb","17","1","2026-08-20 20:21:29","2026-08-20 20:21:29"
"308","11","بصر الحرير","بصر الحرير","bsr-alhryr","18","1","2026-08-20 20:21:29","2026-08-20 20:21:29"
"309","11","الجيزة","الجيزة","algyz","19","1","2026-08-20 20:21:29","2026-08-20 20:21:29"
"310","11","نمر","نمر","nmr","20","1","2026-08-20 20:21:29","2026-08-20 20:21:29"
"311","11","الغارية الشرقية","الغارية الشرقية","alghary-alshrky","21","1","2026-08-20 20:21:29","2026-08-20 20:21:29"
"312","11","الطيبة","الطيبة","altyb","22","1","2026-08-20 20:21:29","2026-08-20 20:21:29"
"313","11","الغارية الغربية","الغارية الغربية","alghary-alghrby","23","1","2026-08-20 20:21:29","2026-08-20 20:21:29"
"314","11","اليادودة","اليادودة","alyadod","24","1","2026-08-20 20:21:29","2026-08-20 20:21:29"
"315","11","صيدا","صيدا","syda","25","1","2026-08-20 20:21:29","2026-08-20 20:21:29"
"316","11","النعيمة","النعيمة","alnaaym","26","1","2026-08-20 20:21:29","2026-08-20 20:21:29"
"317","11","نصيب","نصيب","nsyb","27","1","2026-08-20 20:21:29","2026-08-20 20:21:29"
"318","11","أم المياذن","أم المياذن","am-almyathn","28","1","2026-08-20 20:21:29","2026-08-20 20:21:29"
"319","12","مدينة طرطوس","مدينة طرطوس","mdyn-trtos","1","1","2026-08-20 20:21:29","2026-08-20 20:21:29"
"320","12","بانياس","بانياس","banyas","2","1","2026-08-20 20:21:29","2026-08-20 20:21:29"
"321","12","صافيتا","صافيتا","safyta","3","1","2026-08-20 20:21:29","2026-08-20 20:21:29"
"322","12","الدريكيش","الدريكيش","aldrykysh","4","1","2026-08-20 20:21:29","2026-08-20 20:21:29"
"323","12","سهل عكار","سهل عكار","shl-aakar","5","1","2026-08-20 20:21:29","2026-08-20 20:21:29"
"324","12","الصفصافة","الصفصافة","alsfsaf","6","1","2026-08-20 20:21:29","2026-08-20 20:21:29"
"325","12","الشيخ بدر","الشيخ بدر","alshykh-bdr","7","1","2026-08-20 20:21:29","2026-08-20 20:21:29"
"326","12","الشيخ سعد","الشيخ سعد","alshykh-saad","8","1","2026-08-20 20:21:29","2026-08-20 20:21:29"
"327","12","القدموس","القدموس","alkdmos","9","1","2026-08-20 20:21:29","2026-08-20 20:21:29"
"328","12","الحميدية","الحميدية","alhmydy","10","1","2026-08-20 20:21:29","2026-08-20 20:21:29"
"329","12","خربة المعزة","خربة المعزة","khrb-almaaz","11","1","2026-08-20 20:21:29","2026-08-20 20:21:29"
"330","12","الكريمة","الكريمة","alkrym","12","1","2026-08-20 20:21:29","2026-08-20 20:21:29"
"331","12","حصين البحر","حصين البحر","hsyn-albhr","13","1","2026-08-20 20:21:29","2026-08-20 20:21:29"
"332","12","المنطار","المنطار","almntar","14","1","2026-08-20 20:21:29","2026-08-20 20:21:29"
"333","12","برمانة المشايخ","برمانة المشايخ","brman-almshaykh","15","1","2026-08-20 20:21:29","2026-08-20 20:21:29"
"334","12","أرواد","أرواد","aroad","16","1","2026-08-20 20:21:29","2026-08-20 20:21:29"
"335","12","البساتين","al-bsatyn","al-bsatyn","17","1","2026-08-20 20:21:29","2026-08-20 20:21:29"
"336","12","مشتى الحلو","مشتى الحلو","msht-alhlo","18","1","2026-08-20 20:21:29","2026-08-20 20:21:29"
"337","12","السودا","السودا","alsoda","19","1","2026-08-20 20:21:29","2026-08-20 20:21:29"
"338","12","القمصية","القمصية","alkmsy","20","1","2026-08-20 20:21:29","2026-08-20 20:21:29"
"339","12","بملكة","بملكة","bmlk","21","1","2026-08-20 20:21:29","2026-08-20 20:21:29"
"340","12","حمام واصل","حمام واصل","hmam-oasl","22","1","2026-08-20 20:21:29","2026-08-20 20:21:29"
"341","12","تعنيتا","تعنيتا","taanyta","23","1","2026-08-20 20:21:29","2026-08-20 20:21:29"
"342","12","الكفرون","الكفرون","alkfron","24","1","2026-08-20 20:21:29","2026-08-20 20:21:29"
"343","12","جنينة رسلان","جنينة رسلان","gnyn-rslan","25","1","2026-08-20 20:21:29","2026-08-20 20:21:29"
"344","12","الطواحين","الطواحين","altoahyn","26","1","2026-08-20 20:21:29","2026-08-20 20:21:29"
"345","12","دوير رسلان","دوير رسلان","doyr-rslan","27","1","2026-08-20 20:21:29","2026-08-20 20:21:29"
"346","12","فجليت","فجليت","fglyt","28","1","2026-08-20 20:21:29","2026-08-20 20:21:29"
"347","13","مدينة الرقة","مدينة الرقة","mdyn-alrk","1","1","2026-08-20 20:21:29","2026-08-20 20:21:29"
"348","13","الطبقة","الطبقة","altbk","2","1","2026-08-20 20:21:29","2026-08-20 20:21:29"
"349","13","تل أبيض","تل أبيض","tl-abyd","3","1","2026-08-20 20:21:29","2026-08-20 20:21:29"
"350","13","المنصورة","المنصورة","almnsor","4","1","2026-08-20 20:21:29","2026-08-20 20:21:29"
"351","13","معدان","معدان","maadan","5","1","2026-08-20 20:21:29","2026-08-20 20:21:29"
"352","13","الثورة","الثورة","althor","6","1","2026-08-20 20:21:29","2026-08-20 20:21:29"
"353","13","سلوك","سلوك","slok","7","1","2026-08-20 20:21:29","2026-08-20 20:21:29"
"354","13","صرين","صرين","sryn","8","1","2026-08-20 20:21:29","2026-08-20 20:21:29"
"355","13","عين عيسى","عين عيسى","aayn-aays","9","1","2026-08-20 20:21:29","2026-08-20 20:21:29"
"356","13","السبخة","السبخة","alsbkh","10","1","2026-08-20 20:21:29","2026-08-20 20:21:29"
"357","13","الكرامة","الكرامة","alkram","11","1","2026-08-20 20:21:29","2026-08-20 20:21:29"
"358","13","دبسي عفنان","دبسي عفنان","dbsy-aafnan","12","1","2026-08-20 20:21:29","2026-08-20 20:21:29"
"359","13","الجرنية","الجرنية","algrny","13","1","2026-08-20 20:21:29","2026-08-20 20:21:29"
"360","13","الكسرات","الكسرات","alksrat","14","1","2026-08-20 20:21:29","2026-08-20 20:21:29"
"361","13","حزيمة","حزيمة","hzym","15","1","2026-08-20 20:21:29","2026-08-20 20:21:29"
"362","13","حمام التركمان","حمام التركمان","hmam-altrkman","16","1","2026-08-20 20:21:29","2026-08-20 20:21:29"
"363","13","مزرعة تشرين","مزرعة تشرين","mzraa-tshryn","17","1","2026-08-20 20:21:29","2026-08-20 20:21:29"
"364","13","الهيشة","الهيشة","alhysh","18","1","2026-08-20 20:21:29","2026-08-20 20:21:29"
"365","13","الفخيخة","الفخيخة","alfkhykh","19","1","2026-08-20 20:21:29","2026-08-20 20:21:29"
"366","13","عين عروس","عين عروس","aayn-aaros","20","1","2026-08-20 20:21:29","2026-08-20 20:21:29"
"367","13","المحمودلي","المحمودلي","almhmodly","21","1","2026-08-20 20:21:29","2026-08-20 20:21:29"
"368","13","تل السمن","تل السمن","tl-alsmn","22","1","2026-08-20 20:21:29","2026-08-20 20:21:29"
"370","13","خنيز","خنيز","khnyz","24","1","2026-08-20 20:21:29","2026-08-20 20:21:29"
"371","13","البوعاصي","البوعاصي","alboaaasy","25","1","2026-08-20 20:21:29","2026-08-20 20:21:29"
"372","13","بير حمد","بير حمد","byr-hmd","26","1","2026-08-20 20:21:29","2026-08-20 20:21:29"
"373","14","مدينة السويداء","مدينة السويداء","mdyn-alsoydaaa","1","1","2026-08-20 20:21:29","2026-08-20 20:21:29"
"374","14","شهبا","شهبا","shhba","2","1","2026-08-20 20:21:29","2026-08-20 20:21:29"
"375","14","صلخد","صلخد","slkhd","3","1","2026-08-20 20:21:29","2026-08-20 20:21:29"
"376","14","القريا","القريا","alkrya","4","1","2026-08-20 20:21:29","2026-08-20 20:21:29"
"377","14","قنوات","قنوات","knoat","5","1","2026-08-20 20:21:29","2026-08-20 20:21:29"
"378","14","الرحى","الرحى","alrh","6","1","2026-08-20 20:21:29","2026-08-20 20:21:29"
"379","14","عريقة","عريقة","aaryk","7","1","2026-08-20 20:21:29","2026-08-20 20:21:29"
"380","14","ملح","ملح","mlh","8","1","2026-08-20 20:21:29","2026-08-20 20:21:29"
"381","14","الكفر","الكفر","alkfr","9","1","2026-08-20 20:21:29","2026-08-20 20:21:29"
"382","14","المزرعة","المزرعة","almzraa","10","1","2026-08-20 20:21:29","2026-08-20 20:21:29"
"383","14","الثعلة","الثعلة","althaal","11","1","2026-08-20 20:21:29","2026-08-20 20:21:29"
"384","14","عرمان","عرمان","aarman","12","1","2026-08-20 20:21:29","2026-08-20 20:21:29"
"385","14","عتيل","عتيل","aatyl","13","1","2026-08-20 20:21:29","2026-08-20 20:21:29"
"386","14","رساس","رساس","rsas","14","1","2026-08-20 20:21:29","2026-08-20 20:21:29"
"387","14","سليم","سليم","slym","15","1","2026-08-20 20:21:29","2026-08-20 20:21:29"
"388","14","المشنف","المشنف","almshnf","16","1","2026-08-20 20:21:29","2026-08-20 20:21:29"
"389","14","أم الزيتون","أم الزيتون","am-alzyton","17","1","2026-08-20 20:21:29","2026-08-20 20:21:29"
"390","14","ذيبين","ذيبين","thybyn","18","1","2026-08-20 20:21:29","2026-08-20 20:21:29"
"391","14","نمرة","نمرة","nmr","19","1","2026-08-20 20:21:29","2026-08-20 20:21:29"
"392","14","لاهثة","لاهثة","lahth","20","1","2026-08-20 20:21:29","2026-08-20 20:21:29"
"393","14","المزرعة الشرقية","المزرعة الشرقية","almzraa-alshrky","21","1","2026-08-20 20:21:29","2026-08-20 20:21:29"
"394","14","أم الرمان","أم الرمان","am-alrman","22","1","2026-08-20 20:21:29","2026-08-20 20:21:29"
"395","14","جرين","جرين","gryn","23","1","2026-08-20 20:21:29","2026-08-20 20:21:29"
"396","14","سميع","سميع","smyaa","24","1","2026-08-20 20:21:29","2026-08-20 20:21:29"
"397","14","بكا","بكا","bka","25","1","2026-08-20 20:21:29","2026-08-20 20:21:29"
"398","14","تعارة","تعارة","taaar","26","1","2026-08-20 20:21:29","2026-08-20 20:21:29"
"399","15","مدينة القنيطرة","مدينة القنيطرة","mdyn-alknytr","1","1","2026-08-20 20:21:29","2026-08-20 20:21:29"
"400","15","خان أرنبة","خان أرنبة","khan-arnb","2","1","2026-08-20 20:21:29","2026-08-20 20:21:29"
"401","15","حضر","حضر","hdr","3","1","2026-08-20 20:21:29","2026-08-20 20:21:29"
"402","15","نبع الصخر","نبع الصخر","nbaa-alskhr","4","1","2026-08-20 20:21:29","2026-08-20 20:21:29"
"403","15","جبا","جبا","gba","5","1","2026-08-20 20:21:29","2026-08-20 20:21:29"
"404","15","جباثا الخشب","جباثا الخشب","gbatha-alkhshb","6","1","2026-08-20 20:21:29","2026-08-20 20:21:29"
"405","15","البعث","البعث","albaath","7","1","2026-08-20 20:21:29","2026-08-20 20:21:29"
"406","15","مسحرة","مسحرة","mshr","8","1","2026-08-20 20:21:29","2026-08-20 20:21:29"
"407","15","الرفيد","الرفيد","alrfyd","9","1","2026-08-20 20:21:29","2026-08-20 20:21:29"
"408","15","سويسة","سويسة","soys","10","1","2026-08-20 20:21:29","2026-08-20 20:21:29"
"409","15","أم باطنة","أم باطنة","am-batn","11","1","2026-08-20 20:21:29","2026-08-20 20:21:29"
"410","15","طرنجة","طرنجة","trng","12","1","2026-08-20 20:21:29","2026-08-20 20:21:29"
"411","15","الكوم","الكوم","alkom","13","1","2026-08-20 20:21:29","2026-08-20 20:21:29"
"412","15","كودنة","كودنة","kodn","14","1","2026-08-20 20:21:29","2026-08-20 20:21:29"
"413","15","الصمدانية الغربية","الصمدانية الغربية","alsmdany-alghrby","15","1","2026-08-20 20:21:29","2026-08-20 20:21:29"
"414","15","أوفانيا","أوفانيا","aofanya","16","1","2026-08-20 20:21:29","2026-08-20 20:21:29"
"415","15","مجدولية","مجدولية","mgdoly","17","1","2026-08-20 20:21:29","2026-08-20 20:21:29"
"416","15","قرقس","قرقس","krks","18","1","2026-08-20 20:21:29","2026-08-20 20:21:29"
"417","15","الصمدانية الشرقية","الصمدانية الشرقية","alsmdany-alshrky","19","1","2026-08-20 20:21:29","2026-08-20 20:21:29"
"418","15","رسم الرواضي","رسم الرواضي","rsm-alroady","20","1","2026-08-20 20:21:29","2026-08-20 20:21:29"
"419","15","العجرف","العجرف","alaagrf","21","1","2026-08-20 20:21:29","2026-08-20 20:21:29"
"420","15","الرويحينة","الرويحينة","alroyhyn","22","1","2026-08-20 20:21:29","2026-08-20 20:21:29"
"421","15","بئر عجم","بئر عجم","byr-aagm","23","1","2026-08-20 20:21:29","2026-08-20 20:21:29"
"422","15","عين النورية","عين النورية","aayn-alnory","24","1","2026-08-20 20:21:29","2026-08-20 20:21:29"
"423","15","عين زيوان","عين زيوان","aayn-zyoan","25","1","2026-08-20 20:21:29","2026-08-20 20:21:29"
